{"_step":142,"Fold_3/train_loss":3.3567232680568337,"_runtime":14538.475035315,"Fold_3/val_r2":-1.2217822074890137,"Fold_4/train_loss":1.0545060851638561,"Fold_2/val_loss":21.97896316852647,"Fold_0/val_loss":8.323685082346804,"Fold_3/val_loss":2.3055090270785668,"epoch":51,"Fold_0/val_r2":-7.398497581481934,"Fold_0/train_corr":0.0064480362869937,"Fold_0/train_r2":-1.921891689300537,"Fold_2/val_r2":-21.188650131225586,"Fold_1/val_loss":30.329238829825087,"Fold_2/train_corr":0.0015943957136726199,"Fold_4/val_corr":0.14600239750587216,"learning_rate":0.001,"Fold_4/val_loss":1.1416626139449688,"Fold_0/val_corr":0.1243404087724587,"Fold_4/train_corr":0.07109597387196134,"Fold_2/train_loss":5.686358990896919,"Fold_1/val_r2":-31.84748077392578,"Fold_2/val_corr":0.025597719757056978,"Fold_1/train_corr":0.009411733845939355,"Fold_1/train_r2":-21.816360473632812,"Fold_4/train_r2":-0.06960582733154297,"Fold_4/val_r2":-0.12020361423492432,"Fold_3/val_corr":0.015567186737849861,"_wandb":{"runtime":14538},"_timestamp":1.7390140124140086e+09,"Fold_2/train_r2":-4.724887371063232,"Fold_3/train_r2":-2.4207003116607666,"Fold_1/val_corr":0.04826930483941657,"Fold_1/train_loss":23.04500226336772,"Fold_3/train_corr":0.03073358176325594,"Fold_0/train_loss":2.9011306512078012}