{"Fold_1/train_loss":1.0179243942396197,"Fold_0/val_loss":1.0763461182896907,"Fold_0/val_r2":-0.08545815944671631,"Fold_3/train_r2":-0.002224564552307129,"Fold_2/val_loss":0.9926485189873921,"_timestamp":1.7393228632513692e+09,"Fold_4/train_loss":0.9908002147030203,"Fold_4/val_loss":1.0191244910723767,"Fold_2/train_r2":-0.006825685501098633,"Fold_2/train_loss":1.000202583249096,"Fold_4/train_r2":-0.004987597465515137,"_step":119,"epoch":29,"Fold_4/val_r2":-0.0004940032958984375,"Fold_0/train_r2":-0.6046769618988037,"Fold_0/train_loss":1.5932698975097324,"_runtime":17259.573423897,"Fold_1/val_loss":0.9570224341834604,"Fold_3/val_r2":-0.0021479129791259766,"Fold_3/val_loss":1.040028658865193,"Fold_3/train_loss":0.9837225065458086,"Fold_1/train_r2":-0.00786447525024414,"Fold_1/val_r2":-0.037136197090148926,"_wandb":{"runtime":17259},"learning_rate":0.001,"Fold_2/val_r2":-0.002022385597229004}