{"Fold_3/val_loss":3.3615531193220662,"Fold_0/train_loss":20.87083769591927,"epoch":21,"_step":107,"Fold_4/val_loss":455.026781429646,"Fold_1/train_loss":330.7917104593526,"_timestamp":1.7393253032107468e+09,"Fold_4/val_r2":-445.3065185546875,"Fold_0/val_loss":83.30257140866175,"Fold_3/val_r2":-2.241069793701172,"Fold_3/train_r2":-40.4443473815918,"Fold_4/train_loss":17987.048912440314,"Fold_3/train_loss":40.66749248441531,"Fold_0/train_r2":-20.0009822845459,"Fold_2/train_loss":173.59584913856474,"Fold_0/val_r2":-83.0257797241211,"Fold_1/val_r2":-158.5016326904297,"Fold_1/val_loss":147.20613308184542,"Fold_2/train_r2":-173.72879028320312,"Fold_4/train_r2":-18243.607421875,"learning_rate":0.001,"Fold_2/val_loss":352.0346150880883,"Fold_2/val_r2":-354.3831787109375,"_wandb":{"runtime":19800},"_runtime":19800.059574334,"Fold_1/train_r2":-326.5240173339844}